Código;Ubicación
SRR2157935;EE.UU
SRR2157936;EE.UU
SRR2157937;EE.UU
SRR2157941;EE.UU
SRR2157953;EE.UU
SRR2157959;EE.UU
SRR2157960;EE.UU
SRR2157962;EE.UU
SRR2163120;EE.UU
SRR2163121;EE.UU
SRR2163122;EE.UU
SRR2163174;EE.UU
SRR2163184;EE.UU
SRR2163210;EE.UU
SRR11471586;EE.UU
SRR2163212;EE.UU
SRR2163213;EE.UU
SRR2163214;EE.UU
SRR2163224;EE.UU
SRR2163225;EE.UU
SRR2163226;EE.UU
SRR2163228;EE.UU
SRR11471588;EE.UU
SRR5115489;Kenia
SRR5115490;Kenia
SRR5115494;Kenia
SRR5115495;Kenia
SRR5115496;Kenia
SRR5115498;Kenia
SRR5115500;Kenia
SRR5115501;Kenia
SRR5115503;Kenia
SRR5115506;Kenia
SRR5115507;Kenia
SRR5115509;Kenia
SRR5115510;Kenia
SRR5115511;Kenia
SRR5115512;Kenia
SRR5115513;Kenia
SRR5115515;Kenia
SRR5115516;Kenia
SRR5115517;Kenia
SRR5115518;Kenia
SRR5115519;Kenia
SRR5115520;Kenia
SRR5115521;Kenia
SRR5115523;Kenia
SRR5115524;Kenia
SRR5115525;Kenia
SRR5115527;Kenia
SRR11471560;Argentina
SRR11471562;Argentina
